domain,category
frontlineentertainment.net,Arts
photomazza.com,Arts
moonwillowstudio.com,Arts
hotelcal.com,Arts
rachelbilsonfan.com,Arts
califia.us,Arts
passingdb.com,Arts
james-joyce.de,Arts
mpag.co.uk,Arts
wileybagpipes.com,Arts
morganfinlay.com,Arts
tonymckenzie.com,Arts
thebachchoir.org.uk,Arts
boppin.com,Arts
torquil.com,Arts
onlinebands.com,Arts
morwa.org,Arts
webbyx.com,Arts
nbti.org,Arts
sakhomenewa.com,Arts
lesliecheung.com,Arts
upn15.com,Arts
ga-usa.com,Arts
monash.com,Arts
anirban.com,Arts
esemalta.com,Arts
mauricebroaddus.com,Arts
pghknitandcrochet.com,Arts
documentary.org,Arts
michaelsandstrom.com,Arts
330.ca,Arts
alyssonlight.net,Arts
eijihashimoto.com,Arts
bubba-sparxxx.com,Arts
rasnermagic.com,Arts
flutenet.com,Arts
ioe.ac.uk,Arts
stargate-sg1-solutions.com,Arts
he-manandshe-ra.org,Arts
georgegerdes.com,Arts
arabial.com,Arts
everyauthor.com,Arts
strikken.com,Arts
indiescene.net,Arts
trytel.com,Arts
reedonline.com,Arts
threeimaginarygirls.com,Arts
hillguitar.com,Arts
moeberg.dk,Arts
dancetimessquare.com,Arts
johnfogerty.com,Arts
dbzwarriors.com,Arts
montypythonsspamalot.com,Arts
karenhawkins.com,Arts
vidvan.com,Arts
louieanderson.com,Arts
pineknob.com,Arts
sfhub.ac.uk,Arts
juliaquinn.com,Arts
texasshakespeare.com,Arts
bowedpsaltery.com,Arts
stevenisserlis.com,Arts
rameshmusic.com,Arts
europamp3.org,Arts
natbenchley.com,Arts
paparoachunit.com,Arts
britneypeople.com,Arts
monolithcomics.com,Arts
tellingtime.net,Arts
swingvirginia.com,Arts
sonshi.com,Arts
arthurlevering.com,Arts
firststateballet.com,Arts
spiritofsinatra.com,Arts
trollopeusa.org,Arts
pillemer.com,Arts
jjcrooner.com,Arts
doropesch.com,Arts
brainkiller.it,Arts
onetel.net.uk,Arts
sffchronicles.co.uk,Arts
carolinemeer.co.uk,Arts
sciencewriters.ca,Arts
foothillsbluegrass.com,Arts
coxian.com,Arts
balletconcerto.com,Arts
synaptic.bc.ca,Arts
christian-lacroix.fr,Arts
kathrynabernathyart.com,Arts
inesmerseburg.com,Arts
mikevisceglia.com,Arts
drrobert.net,Arts
avalongallery.com,Arts
ludmila.biz,Arts
thecoconutinternet.com,Arts
liutaiomottola.com,Arts
ifcm.net,Arts
level42digest.com,Arts
stompandstammer.com,Arts
bm-one.com,Arts
247meeting.com,Business
frigeriospa.com,Business
millersrvs.com,Business
moruzzi.com,Business
binarytheory.com,Business
photobrides.it,Business
gogolinwj.com,Business
sclcontactlenses.com,Business
iproconference.com,Business
griotseye.com,Business
sh-p.co.uk,Business
constructfurniture.com.mt,Business
loudwater.co.uk,Business
smartchoicecoops.com,Business
kcl.fi,Business
voncomed.com,Business
videoartistry.com,Business
actionscience.com,Business
officeofjamesburnett.com,Business
designcenterinteriors.com,Business
sensotec.com,Business
mechtronicsinternational.com,Business
host205.com,Business
centuryele.com,Business
hoter.co.il,Business
shivatextiles.com,Business
controldevelopments.com,Business
just-food.com,Business
rocktech.co.za,Business
huaxingchemical.com,Business
colorquip.com,Business
viatalia.com,Business
marchisi.com,Business
dynaplak.com,Business
modilingua.com,Business
holmes-halls.co.uk,Business
lnla.org,Business
paulahian.com,Business
bukowski.fi,Business
electroniclocator.com,Business
rayer.com.hk,Business
unicor.ca,Business
earthsci.com,Business
tomatwoo.com,Business
incide-semi.com,Business
fourstarbooks.net,Business
internews.org,Business
urbantakeover.co.uk,Business
sealandap.co.uk,Business
rompaleather.com,Business
anatecintl.com,Business
ridesrus.com,Business
griffin.de,Business
atlascyclesonepat.com,Business
mushroompublishing.com,Business
authsmtp.com,Business
xdrtex.com,Business
coombecastle.co.uk,Business
fishyfarmacy.com,Business
pago.cc,Business
exportbiz.com.ar,Business
israel-angels.com,Business
tichenorassociates.com,Business
taramakeupartist.com,Business
orckid.com,Business
delishdinners.com,Business
havcom.com,Business
spellmanhv.com,Business
acvalve.com,Business
promostyl.com,Business
speechmaker.biz,Business
sonuspharma.com,Business
damllc.com,Business
storic.com,Business
prfarms.com,Business
allstateplastics.com,Business
bannersnstands.com,Business
marathonind.com,Business
comedytheater.com,Business
ch2m.com,Business
tsboffshore.com,Business
steinen.com,Business
jonathansmith.com,Business
bldd.com,Business
lorenzsurgical.com,Business
kanis-augen.com,Business
rifephoto.com,Business
ethanolproducer.com,Business
dodgeresearch.com,Business
nationalwiper.com,Business
agartha.be,Business
freedomarms.com,Business
hydro-blast.com,Business
tritonatm.com,Business
brandopoly.com,Business
gpsantennanavigationsystem.com,Business
cornerstonevideoproductions.com,Business
wallaceauctions.com,Business
ibr-usa.com,Business
bs-ltd.com,Business
interchangegroup.com,Business/Corporate
hunttextiles.com,Business/Corporate
scottygroup.com,Business/Corporate
lawyersadvantage.com,Business/Corporate
sabreplc.co.uk,Business/Corporate
bankunderground.co.uk,Business/Corporate
futurefunds.com.au,Business/Corporate
jacobstrading.com,Business/Corporate
lightningstrikestudios.com,Business/Corporate
onesourcerelocation.com,Business/Corporate
scanstar.com,Business/Corporate
creativepetgifts.com,Business/Corporate
accrepairs.com,Business/Corporate
naiglobal.com,Business/Corporate
cta.tech,Business/Corporate
globalstar.com,Business/Corporate
homeworkingmom.com,Business/Corporate
freelancers.net,Business/Corporate
hp.com,Business/Corporate
vicair.net,Business/Corporate
dctleathers.com,Business/Corporate
recapadvisors.com,Business/Corporate
parkwaywrecker.com,Business/Corporate
synconaltd.com,Business/Corporate
cmaauctions.com,Business/Corporate
accountservices.com,Business/Corporate
atma.com.au,Business/Corporate
industrialsystems.us,Business/Corporate
falcontrailers.com,Business/Corporate
selfstoragebrokersofamerica.com,Business/Corporate
enterthegrid.com,Business/Corporate
nextwavemedia.com,Business/Corporate
ncr.com,Business/Corporate
centralsupplyandrubber.com,Business/Corporate
measuredsolutions.com,Business/Corporate
precisiontrucks.com,Business/Corporate
swmintl.com,Business/Corporate
ephonecards.com.au,Business/Corporate
seqifund.com,Business/Corporate
sunbeltnetwork.com,Business/Corporate
unitednature.com,Business/Corporate
jpaerospace.com,Business/Corporate
whomedigital.com.au,Business/Corporate
photosoundav.com,Business/Corporate
epicurusconsulting.com,Business/Corporate
tradefirst.com,Business/Corporate
treemaintenance.com,Business/Corporate
absbattery.com,Business/Corporate
amalgamatedbank.com,Business/Corporate
retailstudy.com,Business/Corporate
vesuvius.com,Business/Corporate
skylinepacific.com,Business/Corporate
writeworks.biz,Business/Corporate
rocklandtrust.com,Business/Corporate
aiaponline.com,Business/Corporate
stevesaircraft.com,Business/Corporate
southislandaquarium.com,Business/Corporate
jewelryshopkeeper.com,Business/Corporate
script-fix.com,Business/Corporate
agacgfm.org,Business/Corporate
equitypandit.com,Business/Corporate
accaglobal.com,Business/Corporate
relocationmoverservices.com,Business/Corporate
cadsociety.org,Computers
designing-edge.com,Computers
appraising-microsoft.org,Computers
axalto.com,Computers
grittec.com,Computers
typeco.com,Computers
gt.com.ua,Computers
windowsitlibrary.com,Computers
cpu4u.com,Computers
netshroud.com,Computers
xhtml.com,Computers
gnu-darwin.org,Computers
certfaq.com,Computers
dynamitesites.com,Computers
yankeedownload.com,Computers
blazingtools.com,Computers
unsatisfactorysoftware.co.uk,Computers
gadao.gov.gu,Computers
stopmessengerspam.com,Computers
xybo.com,Computers
ecoursewizard.com,Computers
aditech.co.uk,Computers
netjukebox.nl,Computers
interactiverealm.com,Computers
pagepatrol.com,Computers
azzit.de,Computers
projectivity.com,Computers
steelsoftware.co.uk,Computers
blogcfm.org,Computers
e-moxie.com,Computers
publicstaticvoidmain.com,Computers
typedvorak.com,Computers
ringcomps.co.uk,Computers
flashedcoder.net,Computers
desolatewaste.com,Computers
posr.us,Computers
volano.com,Computers
6wind.com,Computers
steelcloud.com,Computers
aww-faq.org,Computers
masadir.ae,Computers
apacer.com,Computers
memotome.com,Computers
degenring.de,Computers
rieselsieve.com,Computers
cyberlink.co.za,Computers
cid4design.com,Computers
so-digital.com,Computers
softboy.net,Computers
retractablecables.com,Computers
baldwinwebdesign.com,Computers
exari.com,Computers
digitalnorth.ca,Computers
aceshells.com,Computers
qasig.org,Computers
mediatexx.com,Computers
dreameffex.com,Computers
baselinefonts.com,Computers
grapevineevaluations.com,Computers
jandcconsultants.com,Computers
ebrand360.com,Computers
googlemeister.com,Computers
rolta.com,Computers
schnitzke.net,Computers
hiredbrains.com,Computers
eki.ee,Computers
laptopsetc.net,Computers
billday.com,Computers
roboticconcepts.com,Computers
paradimes.com,Computers
mogra.biz,Computers
crescentblue.com,Computers
statcoder.com,Computers
earthtalk.com,Computers
webmailasp.net,Computers
quickserver.org,Computers
jettons.co.uk,Computers
inkjetmadness.com,Computers
cartridgeco.co.uk,Computers
dwhswebhosting.com,Computers
hiclock.com,Computers
wonderfulworldofgraphics.com,Computers
sojourneys.net,Computers
visual--media.com,Computers
oarie.net,Computers
soundhack.com,Computers
emph.com,Computers
coolgorilla.com,Computers
atp.ca,Computers
netplus.ch,Computers
chengfu.net,Computers
uec.co.za,Computers
atlashosting.com,Computers
7thchamber.com,Computers
oopic.com,Computers
csslabs.de,Computers
digitalhaiku.com,Computers
millionhandshakes.com,Computers
applesiders.com,Computers
hyperactivesw.com,Computers
4mhz.de,Computers and Technology
webonthefly.com,Computers and Technology
brightonbased.co.uk,Computers and Technology
favicon.cc,Computers and Technology
retrosoftware.co.uk,Computers and Technology
flpcdr.com,Computers and Technology
interconnect.net,Computers and Technology
epaperpress.com,Computers and Technology
hci4all.at,Computers and Technology
stringology.org,Computers and Technology
caffeineowl.com,Computers and Technology
gibney.de,Computers and Technology
multiagent.com,Computers and Technology
acm.org,Computers and Technology
ilovepdf.com,Computers and Technology
dvdshrink.org,Computers and Technology
hindawi.com,Computers and Technology
qsmm.org,Computers and Technology
gmdhshell.com,Computers and Technology
hsix.com,Computers and Technology
martnet.com,Computers and Technology
tue.nl,Computers and Technology
acronis.com,Computers and Technology
seagrasssoftware.com,Computers and Technology
tagspaces.org,Computers and Technology
email.my,Computers and Technology
siam.org,Computers and Technology
josuttis.com,Computers and Technology
freevbcode.com,Computers and Technology
lullsoft.com,Computers and Technology
tensorflow.org,Computers and Technology
quirksmode.org,Computers and Technology
comcraftfr.com,Computers and Technology
lqexcel.com,Computers and Technology
hcibib.org,Computers and Technology
nbsoft.co.uk,Computers and Technology
stroustrup.com,Computers and Technology
metalopt.com,Computers and Technology
alternativepedia.com,Computers and Technology
lambda-the-ultimate.org,Computers and Technology
agenarisk.com,Computers and Technology
cbrdigital.com,Computers and Technology
editcnc.com,Computers and Technology
postersw.com,Computers and Technology
meyerweb.com,Computers and Technology
gaertner.de,Computers and Technology
flipcode.com,Computers and Technology
panzercad.com,Computers and Technology
w69b.com,Computers and Technology
mytechtime.com,Computers and Technology
catb.org,Computers and Technology
fusionlayer.com,Computers and Technology
cra.com,Computers and Technology
osgeo.org,Computers and Technology
adahome.com,Computers and Technology
pocketsoap.com,Computers and Technology
freedom-to-tinker.com,Computers and Technology
funshare.mobi,Computers and Technology
emigre.com,Computers and Technology
data-compression.info,Computers and Technology
thejodilife.com,E-Commerce
kdsurfshop.com,E-Commerce
vijaysales.com,E-Commerce
bigsmall.in,E-Commerce
asos.com,E-Commerce
bonkerscorner.com,E-Commerce
cilory.com,E-Commerce
tatacliq.com,E-Commerce
outletshirts.com,E-Commerce
shippingcasesnow.com,E-Commerce
instacart.com,E-Commerce
angledcables.com,E-Commerce
accessorize.com,E-Commerce
hollywoodfashionsecrets.com,E-Commerce
hm.com,E-Commerce
viange.in,E-Commerce
fashionnova.com,E-Commerce
relianceretail.com,E-Commerce
bata.in,E-Commerce
bigbasket.com,E-Commerce
patanjaliayurved.net,E-Commerce
fashionheaven.com,E-Commerce
inayajewelry.com,E-Commerce
msmugs.com,E-Commerce
ezmaal.com,E-Commerce
themontanascene.com,E-Commerce
naturesbasket.co.in,E-Commerce
bellofox.com,E-Commerce
luluandsky.com,E-Commerce
archiesonline.com,E-Commerce
jewelsgalaxy.com,E-Commerce
scarves.com,E-Commerce
cottonseedusa.com,E-Commerce
guess.com,E-Commerce
abrown.com,E-Commerce
mango.com,E-Commerce
wrapsodyonline.com,E-Commerce
dunzo.com,E-Commerce
easyday.in,E-Commerce
urbanic.com,E-Commerce
centralandme.com,E-Commerce
koovs.com,E-Commerce
stevemadden.in,E-Commerce
desiminimals.com,E-Commerce
lusonic.com,E-Commerce
flipkart.com,E-Commerce
lbow.com,E-Commerce
burgerbaeclothing.com,E-Commerce
only.in,E-Commerce
fnp.com,E-Commerce
berrylush.com,E-Commerce
ayeshaaccessories.com,E-Commerce
pmhbridge.com.au,E-Commerce
americangiftfactory.com,E-Commerce
zinccafe.com,E-Commerce
shopclues.com,E-Commerce
nykaa.com,E-Commerce
lovedesignerbags.com,E-Commerce
simplyscarves.com,E-Commerce
bagborroworsteal.com,E-Commerce
pipabella.com,E-Commerce
tropicalenterprises.com,E-Commerce
affirmations.com.au,E-Commerce
spencersretail.com,E-Commerce
snapdeal.com,E-Commerce
personalcreations.com,E-Commerce
instrumentalchemistry.com,Education
numbertheory.org,Education
realcollegelife.com,Education
chemicalelements.com,Education
mtnmath.com,Education
allaboutcircuits.com,Education
sciencedirect.com,Education
gtcenter.org,Education
lyellcollection.org,Education
geostudies.co.uk,Education
theskyscrapers.org,Education
visionlearning.com,Education
collegenet.com,Education
andhrauniversity.info,Education
learningastronomy.com,Education
unschoolers.com,Education
wolfram.com,Education
earthsciweek.org,Education
srcf.net,Education
b2science.org,Education
calculus.org,Education
interactivescienceteacher.com,Education
sciencegeek.net,Education
about.com,Education
appliedprobability.org,Education
evolutionary-ecology.com,Education
webqc.org,Education
jlab.org,Education
trentu.ca,Education
kic.org.uk,Education
agclassroom.org,Education
lu.se,Education
getonthebus.org,Education
worldwidelearn.com,Education
algebra.com,Education
agentschoiceonline.com,Education
ernet.in,Education
somaiya.edu,Education
cosmolearning.com,Education
aesociety.org,Education
edusoftmax.com,Education
astrosociety.org,Education
ualberta.ca,Education
elsevier.com,Education
childnow.org,Education
physicsweb.org,Education
execbar.com,Education
all-science-fair-projects.com,Education
shyamsundergupta.com,Education
darkmattertheories.com,Education
colorbasepair.com,Education
calculator.org,Education
alessibakery.com,Food
bakerynouveau.com,Food
tioluchin.com,Food
lays.com,Food
cadbury.co.uk,Food
jillycakesorlando.com,Food
chefajaychopra.com,Food
portosbakery.com,Food
simplyrecipes.com,Food
manjulaskitchen.com,Food
cookieandkate.com,Food
thewoksoflife.com,Food
elburro.no,Food
100daysofrealfood.com,Food
thefirstmess.com,Food
onceuponafoodblog.com,Food
gaylesbakery.com,Food
buzzbakeshop.com,Food
bakewithshivesh.com,Food
cookiesandcups.com,Food
loveandrisotto.com,Food
dinnerthendessert.com,Food
tastymealsforyou.com,Food
ohsheglows.com,Food
iloveladycakes.com,Food
henhouseeatery.com,Food
ililinyc.com,Food
teavilla.in,Food
pizzabythebay.in,Food
parakeetcafe.com,Food
gopapaya.co.in,Food
skinnyms.com,Food
myfoodstory.com,Food
casknyc.com,Food
diethood.com,Food
moxhe.com.au,Food
7thheaven.in,Food
pinchofyum.com,Food
aspicyperspective.com,Food
whiskey.kitchen,Food
jackieshappyplate.com,Food
cafenoseaustin.com,Food
thegraphicfoodie.co.uk,Food
anjalipathak.com,Food
notescoffee.com,Food
thecenturybar.com.au,Food
tacobell.co.in,Food
easybistro.com,Food
hebbarskitchen.com,Food
caterbakes.com,Food
deliciouslyella.com,Food
risotteriamelottinyc.com,Food
jocooks.com,Food
lilacpatisserie.com,Food
cornertablenantucket.com,Food
cookrepublic.com,Food
sanjeevkapoor.com,Food
gimmedelicious.com,Food
theproteinbar.com,Food
eazydiner.com,Food
greenkitchenstories.com,Food
olivebarandkitchen.com,Food
dineout.co.in,Food
cookingclassy.com,Food
loveandlemons.com,Food
stackoverflow.com,Forums
skyscrapercity.com,Forums
quora.com,Forums
arstechnica.com,Forums
alternatehistory.com,Forums
thehub.online,Forums
eevblog.com,Forums
aelyria.com,Forums
atrl.net,Forums
airliners.net,Forums
wattpad.com,Forums
fark.com,Forums
craigslist.org,Forums
indiaforums.com,Forums
astralent.com,Games
kickapoo-casino.com,Games
vampent.com,Games
customsportpools.com,Games
polgarchess.com,Games
gamingupdate.com,Games
skow.org,Games
villanousity.com,Games
dsu.dk,Games
jigcardgallery.com,Games
tourball.co.uk,Games
easychess.net,Games
jediknightii.net,Games
escalationsim.com,Games
backntime.net,Games
winatwords.com,Games
adit.co.uk,Games
mefferts-puzzles.com,Games
fisicx.com,Games
pinball.org,Games
adylheim.com,Games
cryptograph.com,Games
shadefox.com,Games
gahpa.com,Games
june3rd.com,Games
nsr.nl,Games
japanese-mahjong.com,Games
the-nextlevel.com,Games
lucky-casinoworld.com,Games
eonsreach.com,Games
rozmiarek.info,Games
amadan.org,Games
discoverconsole.com,Games
bullseyesgames.com,Games
trap6.com,Games
pokerchips.com,Games
nalsoft.com,Games
floridaairhockey.com,Games
pokercharts.com,Games
gamesbyemail.com,Games
cnccommunity.net,Games
adnddownloads.com,Games
blackbearcasinohotel.com,Games
wolfenburg.com,Games
gameconfig.co.uk,Games
totalarcade.com,Games
bristol-backgammon.org,Games
hertsbridge.co.uk,Games
optimalgambling.com,Games
newenglandfoosball.com,Games
rpgobjects.com,Games
roarsquadron.com,Games
sloppydisk.com,Games
ny-bridge.com,Games
sirdinglydang.com,Games
aeonoftime.com,Games
larian.com,Games
eidosgames.com,Games
infernalfunhouse.com,Games
yueying.net,Games
o-keating.com,Games
finalfantasyforums.net,Games
the-lottery.info,Games
xworddictionary.com,Games
stratosgroup.com,Games
monopolytycoon.com,Games
forumps.com,Games
progressquest.com,Games
itsgames.com,Games
d2pal.com,Games
hanaho.com,Games
lpjdesign.com,Games
referencetable.net,Games
omgrawr.net,Games
gameplaymobile.com,Games
the-spoiler.com,Games
rummikub.org,Games
simcountry.com,Games
gamesterritory.com,Games
questexperiences.com,Games
tubergame.com,Games
lowlimitomaha.com,Games
crowthornebc.org.uk,Games
diceserver.com,Games
darkspiral.net,Games
controltheweb.com,Games
bzflag.org,Games
helixinc.org,Games
pooltracker.com,Games
rededitor.net,Games
pokerschedule.com,Games
freeloader.com,Games
capsu.org,Games
gameworks.com,Games
the-huberts.net,Games
learnplaywin.net,Games
ringofvalor.org,Games
a1trny.com,Games
castlemountains.net,Games
gotdice.com,Games
drugrehabtreatment.com,Health
beloitmemorialhospital.org,Health
mrmoveit.org,Health
esanimalhospital.com,Health
diabetic-foot.net,Health
bellevue-lasik.com,Health
tuolumnesar.org,Health
ai-churek.com,Health
naturalvitalitycenter.com,Health
connections-c.co.uk,Health
wickseyecare.com.au,Health
deniseolesky.com,Health
prolotherapyaz.com,Health
dy-dee.com,Health
cardvasc.com,Health
fia.com.au,Health
ayurvision.com,Health
mosescone.com,Health
modulardevices.com,Health
esprs.com,Health
toddlertime.com,Health
miafriends.org,Health
levihospital.com,Health
norm-uk.org,Health
glaucomaindia.com,Health
drpatrickmeere.com,Health
vetdubai.com,Health
nidd.org,Health
dialysisethics.org,Health
surrogacyuk.org,Health
mlit.go.jp,Health
newbeginningsmn.org,Health
coddlecreekvet.com,Health
reneespencer.com,Health
centraldermatology.com,Health
superstition-sar.org,Health
atlantareiki.com,Health
atlantichealth.org,Health
temporomandibular.info,Health
contracostaent.com,Health
jhypertension.com,Health
urology.gr,Health
britishjournalofnursing.com,Health
maymay.net,Health
abigail-alliance.org,Health
ascendhealthcare.com,Health
candlelighters.ca,Health
iftherapy.org,Health
brynmawrurology.com,Health
healingtheworld.net,Health
wolfrockanimals.com,Health
stjosephs-marshfield.org,Health
dearsonequine.co.uk,Health
thompson.ca,Health
eldercarememphis.com,Health
bellerosevet.com,Health
duncankrieger.com,Health
interactive-medical.com,Health
co-rheumatology.com,Health
asra.com,Health
southdaytonurological.com,Health
roen.com,Health
ableorthopedic.com,Health
eyemaxdifference.com,Health
bemd.com,Health
pediatric-pain.ca,Health
sids-pa.org,Health
chswpc.com,Health
conxion.com.au,Health
beadsrock.com,Health
vmdb.org,Health
connectionsforseniors.com,Health
fertinova.fi,Health
mswatch.com,Health
ohiocountyhospital.com,Health
panteleimon.org,Health
reflexeurope.org,Health
ncaaom.org,Health
pranicgardens.com,Health
isns-neoscreening.org,Health
ruralfamilymedicine.org,Health
earlyimage.com.au,Health
breastreductions.com,Health
obgynlinx.com,Health
oa-ottawa.ca,Health
dietsurf.com,Health
scottclinic.ca,Health
soulwisdom.net,Health
urologist.org,Health
howardcenter.org,Health
yosan.edu,Health
holisticbirds.com,Health
cotlife2000.co.nz,Health
reikimadesimple.com,Health
tmu.edu.tw,Health
preventionfirst.info,Health
amberpharmacy.com,Health
hisa.org.au,Health
newmexicodental.org,Health
threshold.ca,Health
yogagirl.com,Health and Fitness
firebrandsports.com,Health and Fitness
ecps.md,Health and Fitness
avma.org,Health and Fitness
portlandteamfitness.com,Health and Fitness
pocaan.org,Health and Fitness
baylorhealth.com,Health and Fitness
renewman.com,Health and Fitness
aathermography.com,Health and Fitness
hamad.qa,Health and Fitness
fulcrumfitness.com,Health and Fitness
cshp-nb.ca,Health and Fitness
joyoushealth.com,Health and Fitness
ironbridgecrossfit.com,Health and Fitness
blr.com,Health and Fitness
yogiapproved.com,Health and Fitness
ilbs.in,Health and Fitness
healthline.com,Health and Fitness
cancer.org,Health and Fitness
drpoulter.com,Health and Fitness
learnayurveda.com,Health and Fitness
usz.ch,Health and Fitness
webmd.com,Health and Fitness
patient.info,Health and Fitness
degosdisease.com,Health and Fitness
mountsinai.org,Health and Fitness
health.com,Health and Fitness
kidswithfoodallergies.org,Health and Fitness
petpoisonhelpline.com,Health and Fitness
yogawithadriene.com,Health and Fitness
malecare.org,Health and Fitness
oilofpisces.com,Health and Fitness
maxhealthcare.in,Health and Fitness
nm.org,Health and Fitness
sankaranethralaya.org,Health and Fitness
sgrh.com,Health and Fitness
yogajournal.com,Health and Fitness
medlibrary.org,Health and Fitness
medscape.com,Health and Fitness
asthmastory.com,Health and Fitness
nymemory.org,Health and Fitness
yogamatters.com,Health and Fitness
studiomix.com,Health and Fitness
saintfrancis.com,Health and Fitness
everydayhealth.com,Health and Fitness
iloveveterinary.com,Health and Fitness
stmaryskids.org,Health and Fitness
orangetheory.com,Health and Fitness
brokenjawtips.com,Health and Fitness
fortishealthcare.com,Health and Fitness
viovet.co.uk,Health and Fitness
wrlfmd.org,Health and Fitness
mayoclinic.org,Health and Fitness
push511.com,Health and Fitness
medicalfuturist.com,Health and Fitness
idsociety.org,Health and Fitness
aafp.org,Health and Fitness
carehospitals.com,Health and Fitness
medanta.org,Health and Fitness
yogabycandace.com,Health and Fitness
freedomhealthrecovery.com,Health and Fitness
narayanahealth.org,Health and Fitness
badyogi.com,Health and Fitness
mercola.com,Health and Fitness
apollohospitals.com,Health and Fitness
laughshop.com,Home
birch-tree.com,Home
manchesterbonsaisociety.org.uk,Home
epilipinas.com,Home
scottcohen.com,Home
wardrobedilemma.com,Home
asadoargentina.com,Home
carsdirect.com,Home
dadsden.net,Home
mygermanrecipes.com,Home
tureaud.com,Home
hikingreviews.com,Home
rexnet.net,Home
portlandbonsai.org,Home
perfectgardentool.com,Home
orchidspeciessoc.org,Home
truestarhealth.com,Home
cotleur.com,Home
construction-resource.com,Home
mykidstime.ie,Home
angus.gov.uk,Home
sdeda.ca,Home
mumsonline.net,Home
hihiadopt.org,Home
americanfuchsiasociety.org,Home
marktanner.com,Home
ricoguarnieri.com,Home
rawtimes.com,Home
surfsidehawaii.com,Home
peatot.com,Home
eraactive.com,Home
pacificbulbsociety.org,Home
southrivermiso.com,Home
gardeningintheshade.com,Home
orchidsb.net,Home
csld.edu,Home
barbecue-online.co.uk,Home
aheb.com,Home
kemporama.com,Home
yourbakingstory.com,Home
mmhsociety.ca,Home
yins.ns.ca,Home
cheltenhamnannies.co.uk,Home
monikakorngut.com,Home
zatarain.com,Home
act.org,Home
familiesreunited.org,Home
srgc.org.uk,Home
gypsyfarm.com,Home
chicagolandgardening.com,Home
opti-mum.com,Home
go-concepts.com,Home
organizingwoman.com,Home
bakingmad.com,Home
adoptionadventure.com,Home
cluttercoach.com,Home
organizerswebring.com,Home
thechildcaresolution.com,Home
thegardenclubofthehalifaxcountry.com,Home
change-of-address-1.com,Home
aaosonline.org,Home
treehouseguides.com,Home
bestbear.co.uk,Home
nybg.org,Home
plantlife.org.uk,Home
abacom.com,Home
canwestonline.com,Home
goodjam.com,Home
mothergoosemouse.com,Home
texascook.com,Home
theparentlink.ca,Home
birthquest.org,Home
healdebt.com,Home
everydaycook.com,Home
eriehl.com,Home
carb-counter.org,Home
pgvg.org,Home
longislandbonsai.org,Home
seafoodsteward.com,Home
briginshaw.net,Home
weatherford.tx.us,Home
wattshouse.net,Home
citygardeningmagazine.com,Home
pastaco.com,Home
aboutflowers.com,Home
kakteen.org,Home
danladd.com,Home
virtualweberbullet.com,Home
cooldesserts.com,Home
plantadvice.co.uk,Home
haggert.com,Home
vegpod.com,Home
toddletoons.com,Home
au-pair-box.com,Home
rnrs.org,Home
mirandaorchids.com,Home
communitiesinbloom.ca,Home
europeancuisines.com,Home
avdaycare.com,Home
dinosauriens.info,Kids
christenkids.nl,Kids
in-chemnitz.de,Kids
infanziaweb.it,Kids
issuu.com,Kids
vandal.net,Kids
gzoland.com,Kids
landaishu.com,Kids
emil.dk,Kids
campwalt.com,Kids
rhythmchiefs.nl,Kids
paul-singer.de,Kids
spv-duziny.net,Kids
michielb.nl,Kids
isodomos.com,Kids
wanglang.com,Kids
e-matematika.cz,Kids
meddybemps.com,Kids
gabi.lt,Kids
educomputacion.cl,Kids
gulspejder.dk,Kids
bigbangnews.com,Kids
girlscoutsofmaine.org,Kids
chiba-c.ed.jp,Kids
tenhama-wa.jp,Kids
kidsrpumping.com,Kids
shaba.com,Kids
marvelicious.com,Kids
npo-wink.org,Kids
severka.cz,Kids
greenlane.com,Kids
j-muse.or.jp,Kids
eastonhockey.org,Kids
vielespiele.de,Kids
orcahome.de,Kids
ymcahonolulu.org,Kids
lillaworld.com,Kids
youngliberals.ca,Kids
autisme.com,Kids
pra.waw.pl,Kids
audition-infos.org,Kids
jeunepourjeunes.com,Kids
cfhf.net,Kids
jilt33.com,Kids
chip.pl,Kids
ddmhlucin.cz,Kids
transitpeople.org,Kids
ac-rouen.fr,Kids
puzzles4kids.com,Kids
childlib.org,Kids
jump-gate.com,Kids
jugi-egg.ch,Kids
bpsa-bc.org,Kids
nachrichtenfuerkinder.de,Kids
kathimitchell.com,Kids
campqualitynj.org,Kids
cobrayouth.de,Kids
jugendland.ch,Kids
sharp-eco-fan.jp,Kids
bundjugend.de,Kids
muzeumdobranocek.pl,Kids
campmiddlesex.com,Kids
nanonet.go.jp,Kids
hellzworld.com,Kids
lokpriya.com,Kids
jbott.com,Kids
mexique-fr.com,Kids
learnquebec.ca,Kids
hippoworks.com,Kids
doados.ca,Kids
chu-rouen.fr,Kids
vds-astro-jugend.de,Kids
lexpublib.org,Kids
castlemedia.com,Kids
teppeifc.com,Kids
jz-plochingen.de,Kids
mokujukyo.or.jp,Kids
uetoaya.tv,Kids
danceacademyofbellevue.com,Kids
maddag.nu,Kids
eatsmart.gov.hk,Kids
carolinaraptorcenter.org,Kids
family.gr.jp,Kids
alexpollard.com,Kids
uebersetzung.at,Kids
pauldfrost.co.uk,Kids
zanzibart.com,Kids
gokidding.com,Kids
virusfreegeneration.eu,Kids
altonexplorerpost17.com,Kids
edu.ru,Kids
wildafrica.cz,Kids
arithmetikus.de,Kids
detipanireditelky.net,Kids
city.fukuyama.hiroshima.jp,Kids
troop58bsa.org,Kids
k-shimpei.jp,Kids
odxa.on.ca,Kids
g-world.org,Kids
ncjrs.gov,Law and Government
rcmp-grc.gc.ca,Law and Government
ice.gov,Law and Government
nicic.gov,Law and Government
incometaxindia.gov.in,Law and Government
rti.gov.in,Law and Government
mod.gov.in,Law and Government
maharashtra.gov.in,Law and Government
usdoj.gov,Law and Government
lawcom.gov.uk,Law and Government
goidirectory.nic.in,Law and Government
indianairforce.nic.in,Law and Government
cabsec.gov.in,Law and Government
mea.gov.in,Law and Government
finmin.nic.in,Law and Government
bjs.gov,Law and Government
justice.gov,Law and Government
atf.gov,Law and Government
vote.gov,Law and Government
moef.gov.in,Law and Government
canada.ca,Law and Government
legislation.sa.gov.au,Law and Government
legalaffairs.gov.in,Law and Government
passportindia.gov.in,Law and Government
state.pa.us,Law and Government
nmdfc.org,Law and Government
iowa.gov,Law and Government
police-foundation.org.uk,Law and Government
gov.scot,Law and Government
nia.gov.in,Law and Government
ojp.gov,Law and Government
eci.gov.in,Law and Government
cia.gov,Law and Government
loksabha.nic.in,Law and Government
indianarmy.nic.in,Law and Government
crpf.gov.in,Law and Government
asis.gov.au,Law and Government
prisonministryindia.org,Law and Government
fec.gov,Law and Government
ncbc.nic.in,Law and Government
government.ru,Law and Government
ca.gov,Law and Government
socialjustice.nic.in,Law and Government
mod.uk,Law and Government
indianembassyusa.gov.in,Law and Government
pmindia.gov.in,Law and Government
upsc.gov.in,Law and Government
gst.gov.in,Law and Government
mib.gov.in,Law and Government
mumbaipolice.co.in,Law and Government
policefoundationindia.org,Law and Government
electoralcommission.org.uk,Law and Government
narcoticsindia.nic.in,Law and Government
doj.gov.in,Law and Government
eac.gov,Law and Government
persmin.gov.in,Law and Government
johnsnyder.biz,News
bpcurtis.com,News
bizmonthly.com,News
kunger.com,News
winchendoncourier.com,News
redinews.com,News
ericgrigorian.com,News
cameronherald.com,News
metropulse.com,News
bostonirish.com,News
mainecampus.com,News
ski-snow-forecast.com,News
sqlspace.com,News
onlinenewspapers.com,News
sacbee.com,News
gordge.com,News
champeon.com,News
boissevainrecorder.mb.ca,News
thebanneronline.com,News
boernestar.com,News
yellowstone-online.com,News
thebrownandwhite.com,News
digitaledge.org,News
nationalpress.org,News
santacruzrecord.com,News
jeffconews.com,News
dailysentinel.com,News
norwalkcitizen-news.com,News
freelancedirectory.org,News
hartfordadvocate.com,News
sandiegoreader.com,News
uiargonaut.com,News
thehillnews.com,News
molallapioneer.com,News
carlesdomenec.com,News
alamogordonews.com,News
winonanet.com,News
cdispatch.com,News
webclipping.com,News
clarknews.org,News
bcheights.com,News
breitbart.com,News
ulsterpublishing.com,News
fnewsmagazine.com,News
theplainsman.com,News
richlands-news-press.com,News
newberryphotography.com,News
barometerbobshow.com,News
aan.org,News
kennethelamb.com,News
culpepercitizen.com,News
reidsvillereview.com,News
avantnews.com,News
greenwooddemocrat.com,News
mesastate.edu,News
thestarphoenix.com,News
morrissuntribune.com,News
novanewsnow.com,News
proalert.us,News
uswriter.com,News
pagosasun.com,News
thenexthint.com,News
hpe.com,News
mrgoodpost.com,News
leadercall.com,News
rockhurstsentinel.com,News
unioneagle.com,News
thenews.org,News
jagbytes.com,News
insightmag.com,News
dailysnooze.com,News
escapism.com.au,News
mjtimes.sk.ca,News
customscoop.com,News
patrickbeeson.com,News
planetnorthshore.com,News
webelpuente.com,News
uspressnews.com,News
maggievanostrand.com,News
digitalcyclone.com,News
cafe52.com,News
pacificviews.org,News
midcountychronicle.com,News
cornellsun.com,News
theledger.com,News
page1publications.com,News
galtglobalreview.com,News
bevisfusha.com,News
usanewspapers.com,News
timeswv.com,News
bestofthewestcontest.org,News
mvonline.com,News
haltonsearch.com,News
peshtigotimes.net,News
melbourneleader.com.au,News
theadvocate.com.au,News
andymccartney.com,News
theu.ca,News
packetonline.com,News
thefashioncamera.com,Photography
pawspetphotography.co.uk,Photography
pixyblog.com,Photography
c4fap.org,Photography
cassandraladru.com,Photography
photo.net,Photography
thealbumcafe.com,Photography
pimpyourcam.com,Photography
360cities.net,Photography
blipfoto.com,Photography
digitalphotopro.com,Photography
featureshoot.com,Photography
amitmehra.com,Photography
danielkennedy.com,Photography
nateluebbe.com,Photography
harisnukem.com,Photography
typepad.com,Photography
outdoorphotographer.com,Photography
popphoto.com,Photography
fionakellyphotography.com,Photography
linnimages.com,Photography
naturephotographers.network,Photography
jillgreenberg.com,Photography
levonbiss.com,Photography
adambirdphotography.com,Photography
bulbcreative.co,Photography
josephhardin.com,Photography
digitalcameraworld.com,Photography
mathieustern.com,Photography
coolphotoideas.com,Photography
ippawards.com,Photography
velare.co,Photography
thesprucecrafts.com,Photography
tutsplus.com,Photography
daniloandsharon.com,Photography
fstoppers.com,Photography
branditoolephoto.com,Photography
mlphotofilm.com,Photography
rps.org,Photography
petermckinnon.com,Photography
psa-photo.org,Photography
photographylife.com,Photography
capture-life.de,Photography
diyphotography.net,Photography
jasonbellphoto.com,Photography
slrlounge.com,Photography
blazinphoto.com,Photography
creativelive.com,Photography
neduwealth.com,Photography
weatherscapes.com,Photography
whatsthebest.co.uk,Photography
behindtheshutter.com,Photography
jonathanglynnsmith.com,Photography
mpkelley.com,Photography
bbc.com,Photography
photographytalk.com,Photography
iphonephotographyschool.com,Photography
thephotoargus.com,Photography
newriverangler.com,Recreation
boyscoutsmontereybayarea.org,Recreation
bsa87.org,Recreation
seabirdrescue.org,Recreation
arrow-shield.com,Recreation
theyam.net,Recreation
pbs.ch,Recreation
norac.bc.ca,Recreation
provenancevineyards.com,Recreation
mtbakerbsa.org,Recreation
warwickwoods.com,Recreation
splashws.com,Recreation
bcwf.bc.ca,Recreation
bodegasalentein.com,Recreation
troutscout.com,Recreation
michlug.org,Recreation
vibrantsea.net,Recreation
americanmudiassociation.org,Recreation
heritageaviation.com,Recreation
birdcrazy.com,Recreation
simauta-dess.ru,Recreation
vwclub.co.za,Recreation
goldengreyhounds.com,Recreation
domaine-chezatte.fr,Recreation
gcnm.org,Recreation
tremormuv.com,Recreation
rosecityvolksters.com,Recreation
planet-teddybear.com,Recreation
east-anglian-sailing-trust.org.uk,Recreation
andurilkennels.net,Recreation
type34.info,Recreation
airpictorial.com,Recreation
collectify.com,Recreation
jager.com,Recreation
masqueradeaussies.de,Recreation
mnrottie.org,Recreation
frylandswood.co.uk,Recreation
bullyhill.com,Recreation
soxoncamra.org.uk,Recreation
iegrr.org,Recreation
peisa.ca,Recreation
azurrafting.com,Recreation
t87.org,Recreation
texassheepdogassoc.org,Recreation
reallyirishwolfhounds.com,Recreation
cilurzowine.com,Recreation
willesdenscouts.org.uk,Recreation
wilburton.org.uk,Recreation
puntaserena.com,Recreation
dinercity.com,Recreation
lunapark.com.au,Recreation
aconnectingthread.com,Recreation
canadainternational.gc.ca,Recreation
lostscout.com,Recreation
pap911rescue.org,Recreation
baldnmore.com,Recreation
yourgnometownbrewery.com,Recreation
coloradoares.org,Recreation
asktaco.com,Recreation
sleepingladysbouviers.com,Recreation
cerrocalientecellars.com,Recreation
thsweb.com,Recreation
ssc.net.au,Recreation
7summits.com,Recreation
powermasterfuels.com,Recreation
cockerpup.com,Recreation
scotlandstreasures.co.uk,Recreation
northernexposuresunclub.com,Recreation
manitobahunts.com,Recreation
memphis-soaring.org,Recreation
nnx.com,Recreation
wraiths.org,Recreation
nationalroad.org,Recreation
rarecoins.org,Recreation
raptorinc.org,Recreation
zrx1200.co.uk,Recreation
redwoodvalleyrailway.com,Recreation
sunnysideupanddown.com,Recreation
hkdolphinwatch.com,Recreation
birdinghungary.com,Recreation
camping-alt-schwerin.de,Recreation
kettlevalleyrail.org,Recreation
kempter.com,Recreation
scubaforyou.net,Recreation
gr8dne.com,Recreation
langewinery.com,Recreation
arrg.org,Recreation
islandclumbers.com,Recreation
kennelsvonduffin.com,Recreation
thermaltracker.com,Recreation
holyheadsailingclub.org.uk,Recreation
wpacatfanciers.org,Recreation
maxiebeagle.com,Recreation
zontesfootstep.com.au,Recreation
divingwithsharks.com,Recreation
gacacouncil.org,Recreation
pets-unleashed.com,Recreation
borhs.org,Recreation
diningcity.com,Recreation
yachtcharters.com.au,Recreation
learnatnorth.org,Reference
bemidjistate.edu,Reference
nbseminary.com,Reference
libertarianquotes.com,Reference
collanaud.qc.ca,Reference
personalwriter.com,Reference
tinapost.com,Reference
amum.org,Reference
giftedhomeschoolers.org,Reference
docufide.com,Reference
druid.dk,Reference
mmu.ac.tz,Reference
scholarships.com,Reference
giftededpress.com,Reference
m-assonline.com,Reference
art.org,Reference
haramuseum.or.jp,Reference
mewctu.org,Reference
arcam.nl,Reference
gamedegree.com,Reference
badwolfpress.com,Reference
gau.ac.ir,Reference
napierarchery.org.uk,Reference
carsofthestars.com,Reference
goenglish.com,Reference
tassenmuseum.nl,Reference
essex.edu,Reference
healdsburgmuseum.org,Reference
carteret.edu,Reference
mehmetakif.edu.tr,Reference
charlottehokies.com,Reference
mariancollege.edu,Reference
njcugothicknights.com,Reference
techscribes.com,Reference
singnlearn.com,Reference
mcat-prep.com,Reference
cmts.com,Reference
nlrk.kz,Reference
ontologyportal.org,Reference
mephi.ru,Reference
thielathletics.com,Reference
tigerdroppings.com,Reference
marymorris.com,Reference
chungbuk.ac.kr,Reference
tnhomeed.com,Reference
mindshifts.com.au,Reference
johnmartintaylor.com,Reference
nur.edu,Reference
getintouni.com,Reference
wolfert.nl,Reference
eudict.com,Reference
xjtu.edu.cn,Reference
academycanada.com,Reference
ragincajuns.com,Reference
top10mba.com,Reference
nasig.org,Reference
uofiassemblyhall.com,Reference
ubccvc.com,Reference
collegecrunchconsulting.com,Reference
nanjing-school.com,Reference
sbu.ac.ir,Reference
imindmap.com,Reference
iswinterthur.ch,Reference
hartlepoolsmaritimeexperience.com,Reference
whywaldorfworks.org,Reference
lessonplans4teachers.com,Reference
exhibitrecruiter.com,Reference
gogriffons.com,Reference
astheology.ns.ca,Reference
japanese-dict.com,Reference
mma.ru,Reference
teach12.com,Reference
cullmancountymuseum.com,Reference
greatwesternnetwork.com,Reference
historic-northampton.org,Reference
uni-simt.de,Reference
aubg.bg,Reference
handonheart.co.uk,Reference
nmoe.org,Reference
comgen.com,Reference
ecolenapoleon.com,Reference
italianoporticando.com,Reference
steiner.edu,Reference
cardonald.ac.uk,Reference
frcc.cc.co.us,Reference
simoka.com,Reference
m-crossroads.org,Reference
billikens.com,Reference
muh.ru,Reference
iqcweb.com,Reference
texasairmuseum.org,Reference
uwss.net,Reference
uma.edu,Reference
ypsiautoheritage.org,Reference
waynesburg.edu,Reference
southwestalumni.com,Reference
ono.ac.il,Reference
riverofdata.com,Reference
hnoc.org,Reference
ssnce.ac.in,Reference
gcfi.org,Science
fodnews.com,Science
barnowls.com,Science
heavenlyview.com,Science
thermalconductivity.org,Science
paytonscientific.com,Science
esperantic.org,Science
sensortime.com,Science
exploranium.com,Science
ecmi.de,Science
pbglink.com,Science
cell.com,Science
geoinfo.com.my,Science
aeiconsultants.com,Science
potomacaerial.com,Science
heavensgloryobservatory.com,Science
how-things-work-science-projects.com,Science
hccincorporated.com,Science
nks.org,Science
gemsys.ca,Science
platetectonics.com,Science
f-f-e.com,Science
softissimo.com,Science
ecacnav.com,Science
smcas.com,Science
brcland.org,Science
innovasic.com,Science
diamond-associates.co.uk,Science
borealis2000.com,Science
chirp.co.uk,Science
cims.net.au,Science
scholararticles.net,Science
polyfilters.com,Science
wtwhalenengineering.com,Science
ecoaction.gc.ca,Science
scigene.com,Science
elabdirect.com,Science
molmo.be,Science
foodtraceabilityreport.com,Science
knottybits.com,Science
thinkingallowed.com,Science
stillwatermanagement.co.uk,Science
germannatcom-icold.de,Science
inexs.com,Science
inspiring-breakthrough.co.uk,Science
petech.ac.za,Science
mcguireinc.com,Science
aworth.co.uk,Science
kentmassspec.com,Science
astrobuysell.com,Science
lfw.org,Science
metanoia.ac.uk,Science
folium.ru,Science
vinchip.com,Science
welderinstitute.com,Science
londoncitypsychotherapy.co.uk,Science
cdms.com,Science
ouc.bc.ca,Science
deltatechprod.com,Science
gujaratplus.com,Science
cognetgroup.com,Science
bas-astro.com,Science
economyprofessor.com,Science
islandtelecom.com,Science
ears.nl,Science
tagalog2.com,Science
generalhit.com,Science
nofari.org,Science
eg-models.de,Science
pomics.com,Science
futurityinc.com,Science
kevenmurphy.com,Science
hurricane-tracking.co.uk,Science
sciencecenter.net,Science
axinum.com,Science
dynamicenvironmental.com,Science
kansasiai.org,Science
jhetchem.com,Science
mtmist.org,Science
wormery.co.uk,Science
itepsa.com,Science
dreeems.com,Science
chukanovenergy.com,Science
123mc.com,Science
platinumchromatography.com,Science
alpineminerals.com,Science
cashew.in,Science
fep.fi,Science
klingereducational.com,Science
panna.org,Science
biotechknowledge.com,Science
geomind.eu,Science
newenglandlab.com,Science
afmlta.asn.au,Science
testingroom.com,Science
de-nox.com,Science
askachildpsychologist.com,Science
team-nanotec.de,Science
re.org,Science
prozyme.com,Science
brainrod.com,Shopping
maremagnum.com,Shopping
gourmetstore.com,Shopping
4hiddenspycameras.com,Shopping
ibi-camcorder-battery.com,Shopping
musicnotes.net,Shopping
cyclemall.net,Shopping
baggo.com,Shopping
blindsonly.co.uk,Shopping
antiquemapschest.co.uk,Shopping
expresskaraoke.com,Shopping
seasideart.com,Shopping
drafttack.com,Shopping
sehost.com,Shopping
21stcenturyhgh.com,Shopping
walltentshop.com,Shopping
hdftareceivers.com,Shopping
pugcafe.com,Shopping
vankannelsignrestoration.com,Shopping
bscmusic.com,Shopping
dxengineering.com,Shopping
jpourse.com,Shopping
givinggallery.com,Shopping
design20thcentury.com,Shopping
cpap4u.com,Shopping
diecastmustangs.com,Shopping
bellinebaskets.com,Shopping
coloradomountainstickers.com,Shopping
piscogunsmithing.com,Shopping
stopsmokingforgood.com,Shopping
countryhomemade.com,Shopping
glomex.it,Shopping
hansendesigns.com,Shopping
caladiumsonline.com,Shopping
scandinavian-touch.com,Shopping
wwii-collectibles.com,Shopping
dutch-passion.nl,Shopping
mycamera.com,Shopping
getcellstuff.com,Shopping
foothillhydroponics.com,Shopping
fitnessfactors.co.uk,Shopping
auntbelles.com,Shopping
northwesthandmade.com,Shopping
puddleandpond.com,Shopping
coolgadget.net,Shopping
dunfordjones.com,Shopping
nightstarflashlight.com,Shopping
waywardwindsstudio.com,Shopping
freshwatersystems.co.uk,Shopping
fibereffects.com,Shopping
addapearl.com,Shopping
scopesnmore.com,Shopping
aventamerica.com,Shopping
lazyleash.com,Shopping
synergy-emusic.com,Shopping
jakeandamos.com,Shopping
terrybicycles.com,Shopping
sunrisewaterbeds.com,Shopping
worldsourcecenter.com,Shopping
jerryward.com,Shopping
1percent.com,Shopping
pencilneck.com,Shopping
tobaccoforpipes.com,Shopping
greensaver.co.uk,Shopping
huggableteddies.com,Shopping
officequarters.com,Shopping
ruggedclothing.com,Shopping
trimmersbymaryann.com,Shopping
wanderingphotographer.com,Shopping
paper-cutter.net,Shopping
ewatchfactory.com,Shopping
acousticaxis.com,Shopping
moothouse.com,Shopping
greenflashphotography.com,Shopping
bakersblossoms.com,Shopping
wholesale-ac.com,Shopping
samsungtech.co.uk,Shopping
ntimemusic.com,Shopping
braidsrugs.com,Shopping
buyingfacilitation.com,Shopping
bayoufencing.com,Shopping
domainoftheinfinite.com,Shopping
taggles.com,Shopping
clothingwarehouse.com,Shopping
ittybittyblessings.com,Shopping
auntiesandys.com,Shopping
valeveneers.co.uk,Shopping
21stantiques.com,Shopping
mkpeace.com,Shopping
lakeshoregb.com,Shopping
trickhorse.com,Shopping
photolightimages.com,Shopping
perfectlittlestitches.com,Shopping
giftsdivine.com.au,Shopping
buckscountybiscotti.com,Shopping
precisionsportscar.com,Shopping
parkavegifts.com,Shopping
sewingmachine-sales.co.uk,Shopping
adamsaquatics.com,Shopping
handyx.net,Shopping
sportsplatform.in,Social Networking and Messaging
rphaven.com,Social Networking and Messaging
diigo.com,Social Networking and Messaging
allotalk.com,Social Networking and Messaging
icq-chat.com,Social Networking and Messaging
kidzworld.com,Social Networking and Messaging
321chat.com,Social Networking and Messaging
xat.com,Social Networking and Messaging
deviantart.com,Social Networking and Messaging
spinchat.com,Social Networking and Messaging
flirt.com,Social Networking and Messaging
justchat.co.uk,Social Networking and Messaging
tripsit.me,Social Networking and Messaging
chatblink.com,Social Networking and Messaging
messenger.com,Social Networking and Messaging
secondlife.com,Social Networking and Messaging
enterchatroom.com,Social Networking and Messaging
jesusrocksonirc.net,Social Networking and Messaging
instagram.com,Social Networking and Messaging
whatsapp.com,Social Networking and Messaging
antichat.me,Social Networking and Messaging
hi5.com,Social Networking and Messaging
tinychat.com,Social Networking and Messaging
buzz50.com,Social Networking and Messaging
chat-avenue.com,Social Networking and Messaging
wireclub.com,Social Networking and Messaging
tendermeets.com,Social Networking and Messaging
pinterest.com,Social Networking and Messaging
chat27.co.za,Social Networking and Messaging
match.com,Social Networking and Messaging
telegram.org,Social Networking and Messaging
snapchat.com,Social Networking and Messaging
usachatnow.com,Social Networking and Messaging
chatpit.com,Social Networking and Messaging
christianchat.com,Social Networking and Messaging
care2.com,Social Networking and Messaging
ukchat.com,Social Networking and Messaging
elitesingles.com,Social Networking and Messaging
chatforfree.org,Social Networking and Messaging
chathour.com,Social Networking and Messaging
chatib.us,Social Networking and Messaging
linkedin.com,Social Networking and Messaging
b-gay.com,Social Networking and Messaging
imvu.com,Social Networking and Messaging
rockhouse.com,Social Networking and Messaging
chatroulette.com,Social Networking and Messaging
teen-chat.org,Social Networking and Messaging
icq.com,Social Networking and Messaging
buzzen.com,Social Networking and Messaging
paltalk.com,Social Networking and Messaging
healthfulchat.org,Social Networking and Messaging
jamendo.com,Social Networking and Messaging
chattusa.com,Social Networking and Messaging
mocospace.com,Social Networking and Messaging
badoo.com,Social Networking and Messaging
7thdistrictoptimist.org,Society
sistersosf.org,Society
salvationarmy.org.sg,Society
nccrimecontrol.org,Society
92ahc.org,Society
allsaintstoledo.org,Society
prabhuprem.org.in,Society
edistochurch.org,Society
stmarg.qld.edu.au,Society
newfriends4u.com,Society
salem.org.uk,Society
technologygrantnews.com,Society
zahrowski.com,Society
mckinniss.com,Society
waynecosheriff.org,Society
publiceducation.org,Society
richmondbar.org,Society
kofc4973.org,Society
foodfromtheheart.org,Society
cistercian-studies-quarterly.org,Society
meditationincheltenham.org.uk,Society
columbuspolice.org,Society
jagdtiger.de,Society
whithaugh.com,Society
friendshipbaptist.org,Society
clarksburgrotary.org,Society
mealcall.org,Society
korper-shefter.com,Society
ewcc.org,Society
mesotheliomamedicine.com,Society
meadorandvigodsky.com,Society
californiainjuryblog.com,Society
edgemerecog.org,Society
springlakechurch.org,Society
adventlutheranschool.org,Society
stagnesschool.net,Society
stephen-stratford.co.uk,Society
sistercities.org.nz,Society
fwbcofc.org,Society
godcore.com,Society
emily.net,Society
ourladyoffatimaschool.com,Society
jonesborouu.org,Society
lanierumc.org,Society
wqme.com,Society
georgiacsa.com,Society
stchristophersburlington.com,Society
truthbooks.com,Society
solanus.org,Society
thirtysix.org,Society
southernpineslodge484.org,Society
birstall.org,Society
dowsersofthewest.org,Society
streamsinthedesert.org.uk,Society
squaresacrosstheborder.org,Society
schadenlaw.com,Society
furiaandturner.com,Society
ssj-tosf.org,Society
foundationsforourfaith.com,Society
nonreligiousceremonies.co.uk,Society
virtualrosary.org,Society
csjalbany.org,Society
kobanlaw.com,Society
almanlaw.com,Society
horizon.co.fk,Society
cladem.org,Society
unionchapel.org,Society
graymoor.org,Society
bethelowatonna.com,Society
baynhambest.com,Society
wvdreamers.org,Society
templeofearth.com,Society
futurist.com,Society
whpnm.org,Society
cfgf.org,Society
bigtone.org,Society
new-lifechurch.org,Society
impactpersonalsafety.com,Society
vistaridgeumc.org,Society
yogaisyouth.com,Society
datingmuse.com,Society
truevine1611.com,Society
stannesgc.org,Society
lancehaun.com,Society
centerforfamilyunity.org,Society
monferrini.com,Society
prayergardens.org,Society
perdiemworks.com,Society
ingeneas.com,Society
solimine.com,Society
ligmincha.org,Society
vanmeter-ashbrook.com,Society
awakeandgo.com,Society
stangsgarage.com,Society
toongabbieanglican.org.au,Society
trinityprc.org,Society
chiesacattolica.it,Society
bucklinsociety.net,Society
dailybiorhythm.com,Society
sacredwind.com,Society
capitalsoccer.com,Sports
azdarts.com,Sports
berwickrangers-mad.co.uk,Sports
excalibur-ltd.com,Sports
willowrunconnemaras.com,Sports
gfski.org,Sports
catchaclu.com,Sports
cjcsports.net,Sports
miarabhorse.com,Sports
jrblaze.com,Sports
ringsidereport.com,Sports
zoomalong.co.uk,Sports
belmont-stakes.info,Sports
vsli.org,Sports
chesterfield-fc.co.uk,Sports
ushockeyhall.com,Sports
sunnybrookstables.com,Sports
acminigolf.com,Sports
moarkaphc.com,Sports
wildhorseskimberley.com,Sports
speedwayworld.tv,Sports
training4cyclists.com,Sports
kksc.co.uk,Sports
morningstar.bc.ca,Sports
windwardfarms.com,Sports
omgfa.com,Sports
thenativepony.com,Sports
stlouisskiclub.com,Sports
agflag.com,Sports
competitivegolfassociation.com,Sports
soccergirls.us,Sports
nelsonmountainbikeclub.org.nz,Sports
kimberlake.com,Sports
cheersport.net,Sports
bigredrabbit.com,Sports
rocklandroadrunners.org,Sports
terminusgolf.co.uk,Sports
shadlambert.com,Sports
halfmoonbaygolf.com,Sports
derrygaa.ie,Sports
orsu.org,Sports
foxvalleygrapplingclub.com,Sports
hotshotsoccer.com,Sports
scottishtouch.org.uk,Sports
volleyballnw.com,Sports
chicagopolo.com,Sports
llandrindod-rugby.org.uk,Sports
worldcupblog.org,Sports
iskip.com,Sports
martygaal.com,Sports
swacfans.com,Sports
paddleborgan.no,Sports
douglashallafc.com,Sports
aikidoofflorida.com,Sports
amethystarabiansplus.com,Sports
purplepride.org,Sports
tumblekidsusa.com,Sports
davidtapley.co.uk,Sports
baycitybaseball.com,Sports
galaxylanes.com,Sports
mensclaycourt.com,Sports
rowingnews.com,Sports
goodspirit-taichi.com,Sports
redtailgolf.net,Sports
baycreekgolfclub.com,Sports
saharamarathon.org,Sports
bcga.org,Sports
durhamkarate.com,Sports
empireegyptians.com,Sports
theshrimpers-online.co.uk,Sports
holimont.com,Sports
nevertoolate.com,Sports
skcsra.org,Sports
fawleyrfc.co.uk,Sports
scottsdalecvb.com,Sports
beaconlakesgolf.com,Sports
taiji.de,Sports
corner-three.com,Sports
auburncricket.com,Sports
shishikudojo.co.uk,Sports
lomankamwingchun.com,Sports
smyrnasoccer.org,Sports
americansoccerdaily.com,Sports
cpscsoccer.org,Sports
persianfootball.com,Sports
acmegolfclub.com,Sports
glidersgymnastics.com,Sports
jessicalindellvikarby.com,Sports
iwama-ryu-north-west.org,Sports
muddyyork.ca,Sports
montrealultimate.ca,Sports
mrpumpy.net,Sports
andersonriding.com,Sports
hairpinracing.com,Sports
jagsstats.com,Sports
canyonspringsgolf.com,Sports
akrowing.com,Sports
wcrha.com,Sports
stalbanshc.co.uk,Sports
rochesterlacrosse.org,Sports
youtube.com,Streaming Services
amebatv.com,Streaming Services
vimeo.com,Streaming Services
last.fm,Streaming Services
tubitv.com,Streaming Services
periscope.tv,Streaming Services
metacdn.com,Streaming Services
blip.fm,Streaming Services
livexlive.com,Streaming Services
anghami.com,Streaming Services
shift72.com,Streaming Services
live555.com,Streaming Services
spotify.com,Streaming Services
broadwayhd.com,Streaming Services
facebook.com,Streaming Services
sho.com,Streaming Services
zee5.com,Streaming Services
imdb.com,Streaming Services
siriusxm.com,Streaming Services
hidive.com,Streaming Services
livestream.com,Streaming Services
idagio.com,Streaming Services
instagib.tv,Streaming Services
iflix.com,Streaming Services
switchboard.live,Streaming Services
spuul.com,Streaming Services
kanopy.com,Streaming Services
medici.tv,Streaming Services
hulu.com,Streaming Services
attwatchtv.com,Streaming Services
streamlabs.com,Streaming Services
clipbucket.com,Streaming Services
ahctv.com,Streaming Services
gostreamsite.ga,Streaming Services
xumo.tv,Streaming Services
kaltura.com,Streaming Services
azm.to,Streaming Services
dacast.com,Streaming Services
criterionchannel.com,Streaming Services
jango.com,Streaming Services
jiosaavn.com,Streaming Services
epix.com,Streaming Services
cbs.com,Streaming Services
hmnow.com,Streaming Services
fmovie.sc,Streaming Services
diynetwork.com,Streaming Services
tunein.com,Streaming Services
mubi.com,Streaming Services
pantaya.com,Streaming Services
flixtor.is,Streaming Services
yidio.com,Streaming Services
klowdtv.com,Streaming Services
napster.com,Streaming Services
groovesharks.org,Streaming Services
shoutcast.com,Streaming Services
pluto.tv,Streaming Services
tidal.com,Streaming Services
hungama.com,Streaming Services
dlive.tv,Streaming Services
vmix.com,Streaming Services
putlocker-is.org,Streaming Services
freeform.com,Streaming Services
mhzchoice.com,Streaming Services
purevolume.com,Streaming Services
streamyard.com,Streaming Services
amazon.in,Streaming Services
justcruisinplus.com,Travel
waldorfastorialoscabospedregal.com,Travel
travelocity.com,Travel
aimadventures.com,Travel
priceline.com,Travel
fernhotels.com,Travel
dwwatsontravel.com,Travel
nepalspiritualtrekking.com,Travel
kenyadreamholidays.com,Travel
avaseakrabi.com,Travel
fariyas.com,Travel
timespek.com,Travel
jumeirah.com,Travel
castlehillfitness.com,Travel
viceroyhotelsandresorts.com,Travel
agavetravelcreative.com,Travel
fogoislandinn.ca,Travel
northblockhotel.com,Travel
tajhotels.com,Travel
ethiousatour.com,Travel
accor.com,Travel
islanddreamsworldtravel.com,Travel
ritzcarlton.com,Travel
affordabletours.com,Travel
jal.co.jp,Travel
hoteltravelclub.com,Travel
jjbtravel.com,Travel
onthebeach.co.uk,Travel
meru.in,Travel
ritzparis.com,Travel
otel.com,Travel
njewasafaris.com,Travel
shiptoshoretravelltd.com,Travel
sunsetkeycottages.com,Travel
delta.com,Travel
thehousecollective.com,Travel
grab.com,Travel
lyft.com,Travel
nbitravel.com,Travel
tropicanaalibaug.com,Travel
albatros-travel.com,Travel
travelsites.com,Travel
carzonrent.com,Travel
finnair.com,Travel
kayak.co.in,Travel
alliancehospitality.in,Travel
ebookers.com,Travel
turansa.com,Travel
bharattaxi.com,Travel
dreamworldtravel.co.uk,Travel
essentialdownunder.com,Travel
hnltravel.com,Travel
totallyspain.com,Travel
hotelcaferoyal.com,Travel
tierrahotels.com,Travel
grandhoteltremezzo.com,Travel
capellahotels.com,Travel
airvistara.com,Travel
joytours.com,Travel
hotelamparo.com,Travel
anantara.com,Travel
costcotravel.com,Travel
lastminute.com,Travel
hotwire.com,Travel
marriott.com,Travel
airnewzealand.co.nz,Travel
waterfrontshaw.com,Travel
twinfarms.com,Travel
megacabs.com,Travel
